OrderID,OrderDate,CustomerName,State,Product,Category,Quantity,Price,MarketingSource,SatisfactionScore
ORD-1001,2024-12-05,Kappa Logistics,TX,Robotic Vacuum,Smart Home,9,238.15,Google Ads,5
ORD-1002,2023-11-15,Delta Tech,GA,Portable Power Bank,Accessories,2,106.71,Social Media,3
ORD-1003,2024-09-25,Gamma Solutions,PA,Robotic Vacuum,Smart Home,3,185.09,Referral,5
ORD-1004,2023-03-07,Iota Innovations,TX,Smart Thermostat,Smart Home,1,251.21,Referral,5
ORD-1005,2023-12-09,Kappa Logistics,TX,Robotic Vacuum,Smart Home,2,315.25,Email Campaign,5
ORD-1006,2024-02-08,Epsilon Global,NY,Noise-Cancelling Earbuds,Accessories,3,379.58,Email Campaign,5
ORD-1007,2024-10-19,Delta Tech,PA,Smartwatch,Wearables,4,473.43,Organic Search,5
ORD-1008,2024-04-10,Omega Holdings,IL,Fitness Tracker,Wearables,6,138.09,Social Media,4
ORD-1009,2024-08-08,Iota Innovations,NY,Portable Power Bank,Accessories,6,58.96,Social Media,5
ORD-1010,2023-07-21,Beta Industries,GA,AR Glasses,Wearables,2,47.08,Referral,3
ORD-1011,2023-03-29,Beta Industries,FL,Robotic Vacuum,Smart Home,1,98.22,Referral,3
ORD-1012,2024-02-07,Gamma Solutions,NY,Robotic Vacuum,Smart Home,6,356.07,Email Campaign,4
ORD-1013,2024-12-10,Omega Holdings,FL,Wireless Charger,Accessories,5,228.85,Email Campaign,4
ORD-1014,2023-06-21,Iota Innovations,OH,Fitness Tracker,Wearables,6,425.7,Google Ads,3
ORD-1015,2023-11-20,Alpha Corp,TX,Smart Thermostat,Smart Home,4,118.82,Email Campaign,4
ORD-1016,2023-08-20,Iota Innovations,TX,AR Glasses,Wearables,1,415.5,Google Ads,3
ORD-1017,2023-07-06,Beta Industries,PA,Robotic Vacuum,Smart Home,1,244.07,Social Media,5
ORD-1018,2024-07-12,Theta Digital,TX,AI Voice Assistant,Smart Home,9,494.1,Google Ads,3
ORD-1019,2023-10-22,Zeta Services,GA,AI Voice Assistant,Smart Home,6,349.77,Google Ads,4
ORD-1020,2023-04-24,Delta Tech,FL,AR Glasses,Wearables,9,334.99,Referral,4
ORD-1021,2023-09-25,Epsilon Global,GA,Portable Power Bank,Accessories,5,432.19,Google Ads,3
ORD-1022,2023-10-13,Kappa Logistics,IL,Smart Thermostat,Smart Home,1,441.14,Organic Search,3
ORD-1023,2024-04-06,Delta Tech,TX,Smartwatch,Wearables,9,265.55,Google Ads,4
ORD-1024,2023-06-14,Kappa Logistics,GA,Robotic Vacuum,Smart Home,5,62.12,Email Campaign,4
ORD-1025,2024-01-07,Zeta Services,NY,AI Voice Assistant,Smart Home,9,366.62,Social Media,3
ORD-1026,2024-06-17,Delta Tech,FL,Noise-Cancelling Earbuds,Accessories,4,114.94,Social Media,5
ORD-1027,2024-10-22,Omega Holdings,NY,Smartwatch,Wearables,3,248.01,Organic Search,4
ORD-1028,2023-03-02,Omega Holdings,PA,Robotic Vacuum,Smart Home,3,158.99,Referral,5
ORD-1029,2024-11-13,Epsilon Global,IL,Fitness Tracker,Wearables,2,107.46,Organic Search,4
ORD-1030,2024-11-15,Iota Innovations,PA,Fitness Tracker,Wearables,9,69.42,Email Campaign,3
ORD-1031,2024-12-05,Zeta Services,OH,Robotic Vacuum,Smart Home,7,438.13,Referral,5
ORD-1032,2024-05-02,Beta Industries,IL,Wireless Charger,Accessories,1,263.87,Google Ads,4
ORD-1033,2023-12-24,Zeta Services,OH,Smart Thermostat,Smart Home,9,111.52,Social Media,4
ORD-1034,2024-12-05,Delta Tech,TX,Smartwatch,Wearables,6,256.78,Social Media,5
ORD-1035,2023-12-21,Kappa Logistics,CA,Robotic Vacuum,Smart Home,3,152.15,Social Media,4
ORD-1036,2024-11-29,Omega Holdings,OH,Smartwatch,Wearables,2,107.64,Email Campaign,4
ORD-1037,2023-01-18,Delta Tech,TX,Noise-Cancelling Earbuds,Accessories,6,195.7,Google Ads,4
ORD-1038,2024-01-12,Gamma Solutions,FL,Noise-Cancelling Earbuds,Accessories,1,65.93,Organic Search,5
ORD-1039,2023-02-04,Theta Digital,FL,Portable Power Bank,Accessories,1,38.76,Social Media,4
ORD-1040,2023-02-24,Theta Digital,OH,Wireless Charger,Accessories,3,159.46,Referral,5
ORD-1041,2023-07-01,Kappa Logistics,NY,Wireless Charger,Accessories,8,433.09,Referral,5
ORD-1042,2024-09-27,Delta Tech,NY,AI Voice Assistant,Smart Home,3,439.98,Organic Search,4
ORD-1043,2024-03-30,Theta Digital,CA,Robotic Vacuum,Smart Home,1,244.35,Google Ads,4
ORD-1044,2024-05-04,Zeta Services,PA,Portable Power Bank,Accessories,8,474.76,Referral,5
ORD-1045,2024-05-16,Kappa Logistics,CA,Smartwatch,Wearables,3,485.64,Organic Search,5
ORD-1046,2024-09-06,Delta Tech,PA,Robotic Vacuum,Smart Home,4,137.97,Referral,4
ORD-1047,2023-09-02,Gamma Solutions,IL,Fitness Tracker,Wearables,3,331.97,Organic Search,4
ORD-1048,2023-08-08,Iota Innovations,CA,Fitness Tracker,Wearables,1,240.38,Social Media,4
ORD-1049,2024-01-07,Theta Digital,OH,Smart Thermostat,Smart Home,3,194.51,Organic Search,5
ORD-1050,2023-01-19,Alpha Corp,CA,Smartwatch,Wearables,9,378.36,Email Campaign,4
ORD-1051,2023-06-20,Epsilon Global,CA,Smart Thermostat,Smart Home,3,63.8,Organic Search,4
ORD-1052,2024-02-28,Gamma Solutions,NY,Wireless Charger,Accessories,4,299.41,Organic Search,4
ORD-1053,2023-09-13,Zeta Services,OH,Smartwatch,Wearables,7,406.13,Email Campaign,3
ORD-1054,2023-02-13,Zeta Services,GA,Robotic Vacuum,Smart Home,5,447.13,Email Campaign,5
ORD-1055,2024-10-28,Epsilon Global,TX,Robotic Vacuum,Smart Home,6,208.08,Social Media,4
ORD-1056,2023-01-26,Omega Holdings,OH,AR Glasses,Wearables,1,410.58,Referral,4
ORD-1057,2024-10-24,Beta Industries,CA,Smartwatch,Wearables,7,75.96,Google Ads,3
ORD-1058,2023-03-30,Gamma Solutions,FL,AR Glasses,Wearables,7,487.28,Google Ads,4
ORD-1059,2023-12-25,Iota Innovations,PA,Smartwatch,Wearables,6,231.56,Email Campaign,4
ORD-1060,2023-06-26,Zeta Services,IL,AR Glasses,Wearables,9,118.92,Email Campaign,3
ORD-1061,2024-08-08,Zeta Services,NY,Wireless Charger,Accessories,9,497.46,Organic Search,3
ORD-1062,2024-03-14,Zeta Services,GA,Noise-Cancelling Earbuds,Accessories,7,136.35,Email Campaign,4
ORD-1063,2023-03-25,Theta Digital,PA,AR Glasses,Wearables,6,413.8,Organic Search,4
ORD-1064,2023-11-11,Delta Tech,IL,Noise-Cancelling Earbuds,Accessories,4,322.01,Email Campaign,4
ORD-1065,2024-10-24,Omega Holdings,PA,Wireless Charger,Accessories,4,97.27,Google Ads,4
ORD-1066,2023-01-24,Kappa Logistics,CA,Portable Power Bank,Accessories,8,32.65,Social Media,4
ORD-1067,2024-04-12,Alpha Corp,NY,Wireless Charger,Accessories,8,357.07,Referral,4
ORD-1068,2024-05-13,Kappa Logistics,CA,Fitness Tracker,Wearables,1,270.45,Organic Search,3
ORD-1069,2024-02-28,Gamma Solutions,GA,AI Voice Assistant,Smart Home,9,318.42,Social Media,5
ORD-1070,2023-10-09,Zeta Services,TX,Wireless Charger,Accessories,2,399.65,Email Campaign,4
ORD-1071,2023-05-15,Theta Digital,IL,Smartwatch,Wearables,1,99.68,Organic Search,4
ORD-1072,2023-09-03,Omega Holdings,IL,Smart Thermostat,Smart Home,9,356.15,Social Media,5
ORD-1073,2024-10-24,Delta Tech,GA,Smart Thermostat,Smart Home,1,139.06,Email Campaign,5
ORD-1074,2024-10-18,Kappa Logistics,PA,Portable Power Bank,Accessories,8,167.58,Organic Search,3
ORD-1075,2024-10-15,Epsilon Global,CA,AI Voice Assistant,Smart Home,4,478.28,Google Ads,5
ORD-1076,2024-11-04,Beta Industries,TX,Robotic Vacuum,Smart Home,7,340.04,Social Media,5
ORD-1077,2023-12-23,Alpha Corp,TX,Fitness Tracker,Wearables,5,233.81,Google Ads,3
ORD-1078,2023-10-11,Omega Holdings,IL,AR Glasses,Wearables,1,294.99,Organic Search,4
ORD-1079,2023-10-24,Gamma Solutions,TX,Noise-Cancelling Earbuds,Accessories,5,291.66,Organic Search,3
ORD-1080,2024-12-13,Gamma Solutions,PA,AI Voice Assistant,Smart Home,5,405.35,Social Media,4
ORD-1081,2024-05-25,Omega Holdings,IL,Portable Power Bank,Accessories,1,36.43,Organic Search,3
ORD-1082,2024-10-30,Omega Holdings,IL,Fitness Tracker,Wearables,8,427.38,Organic Search,3
ORD-1083,2023-12-17,Alpha Corp,CA,Smartwatch,Wearables,4,210.76,Google Ads,4
ORD-1084,2024-11-08,Gamma Solutions,TX,Noise-Cancelling Earbuds,Accessories,1,48.54,Social Media,3
ORD-1085,2024-07-06,Delta Tech,OH,Noise-Cancelling Earbuds,Accessories,2,224.85,Organic Search,3
ORD-1086,2023-03-17,Alpha Corp,PA,Wireless Charger,Accessories,2,100.85,Google Ads,3
ORD-1087,2023-06-10,Epsilon Global,TX,AR Glasses,Wearables,2,242.15,Organic Search,5
ORD-1088,2024-10-12,Kappa Logistics,OH,AI Voice Assistant,Smart Home,9,363.87,Google Ads,5
ORD-1089,2024-03-22,Epsilon Global,PA,Smart Thermostat,Smart Home,4,117.94,Social Media,4
ORD-1090,2024-07-11,Iota Innovations,GA,AI Voice Assistant,Smart Home,3,492.18,Social Media,4
ORD-1091,2024-04-13,Delta Tech,OH,AI Voice Assistant,Smart Home,6,345.5,Referral,3
ORD-1092,2023-07-25,Beta Industries,GA,Portable Power Bank,Accessories,2,203.99,Organic Search,4
ORD-1093,2023-04-07,Zeta Services,CA,Robotic Vacuum,Smart Home,4,271.68,Google Ads,3
ORD-1094,2023-12-21,Beta Industries,TX,Wireless Charger,Accessories,4,233.85,Google Ads,4
ORD-1095,2023-03-12,Gamma Solutions,GA,Noise-Cancelling Earbuds,Accessories,3,285.29,Email Campaign,4
ORD-1096,2024-10-07,Iota Innovations,IL,Robotic Vacuum,Smart Home,1,95.46,Google Ads,5
ORD-1097,2024-04-29,Theta Digital,PA,Smartwatch,Wearables,6,412.78,Google Ads,5
ORD-1098,2024-07-03,Omega Holdings,TX,Smartwatch,Wearables,9,466.64,Referral,3
ORD-1099,2023-09-08,Kappa Logistics,IL,AR Glasses,Wearables,6,296.28,Google Ads,5
ORD-1100,2023-09-11,Kappa Logistics,TX,Smartwatch,Wearables,1,480.89,Email Campaign,4
ORD-1101,2024-02-11,Beta Industries,FL,Robotic Vacuum,Smart Home,8,365.93,Referral,3
ORD-1102,2024-06-29,Beta Industries,NY,AR Glasses,Wearables,7,49.98,Email Campaign,3
ORD-1103,2023-11-19,Epsilon Global,FL,Wireless Charger,Accessories,3,338.64,Organic Search,5
ORD-1104,2024-12-01,Iota Innovations,NY,Smartwatch,Wearables,6,474.77,Organic Search,5
ORD-1105,2024-02-08,Zeta Services,OH,Wireless Charger,Accessories,9,366.4,Email Campaign,3
ORD-1106,2023-12-18,Theta Digital,TX,Smartwatch,Wearables,5,97.42,Organic Search,4
ORD-1107,2023-01-27,Delta Tech,TX,Smart Thermostat,Smart Home,8,444.88,Organic Search,3
ORD-1108,2024-12-11,Epsilon Global,IL,Wireless Charger,Accessories,6,436.17,Email Campaign,3
ORD-1109,2024-03-27,Alpha Corp,FL,Smartwatch,Wearables,9,163.93,Organic Search,3
ORD-1110,2024-12-25,Kappa Logistics,TX,Noise-Cancelling Earbuds,Accessories,2,78.67,Social Media,4
ORD-1111,2024-03-07,Kappa Logistics,PA,Smart Thermostat,Smart Home,7,166.49,Email Campaign,5
ORD-1112,2024-03-14,Gamma Solutions,CA,AR Glasses,Wearables,4,62.37,Referral,5
ORD-1113,2023-09-06,Kappa Logistics,NY,Smartwatch,Wearables,5,190.93,Google Ads,3
ORD-1114,2023-12-28,Zeta Services,GA,Robotic Vacuum,Smart Home,3,270.26,Social Media,4
ORD-1115,2023-03-21,Omega Holdings,GA,Noise-Cancelling Earbuds,Accessories,6,172.01,Referral,4
ORD-1116,2023-02-26,Gamma Solutions,OH,AR Glasses,Wearables,2,336.41,Organic Search,3
ORD-1117,2024-05-24,Delta Tech,IL,Smart Thermostat,Smart Home,9,87.09,Organic Search,3
ORD-1118,2024-12-04,Delta Tech,GA,Portable Power Bank,Accessories,7,56.3,Google Ads,4
ORD-1119,2023-04-11,Zeta Services,CA,Noise-Cancelling Earbuds,Accessories,2,315.21,Organic Search,5
ORD-1120,2023-01-04,Alpha Corp,PA,Portable Power Bank,Accessories,1,272.41,Social Media,4
ORD-1121,2023-09-23,Alpha Corp,GA,Noise-Cancelling Earbuds,Accessories,2,243.88,Social Media,4
ORD-1122,2024-07-22,Theta Digital,TX,Smart Thermostat,Smart Home,3,277.1,Social Media,5
ORD-1123,2023-01-29,Zeta Services,TX,AR Glasses,Wearables,1,44.63,Google Ads,3
ORD-1124,2024-03-18,Gamma Solutions,OH,Robotic Vacuum,Smart Home,1,206.82,Email Campaign,3
ORD-1125,2023-10-12,Beta Industries,PA,AI Voice Assistant,Smart Home,4,84.05,Organic Search,3
ORD-1126,2024-10-28,Gamma Solutions,TX,Robotic Vacuum,Smart Home,7,172.61,Email Campaign,5
ORD-1127,2024-05-18,Gamma Solutions,CA,Smartwatch,Wearables,7,455.0,Social Media,4
ORD-1128,2023-04-13,Iota Innovations,CA,AR Glasses,Wearables,2,394.81,Social Media,5
ORD-1129,2024-08-17,Omega Holdings,TX,Smartwatch,Wearables,5,348.92,Organic Search,3
ORD-1130,2024-06-08,Omega Holdings,OH,Noise-Cancelling Earbuds,Accessories,2,100.01,Referral,4
ORD-1131,2023-01-07,Delta Tech,IL,Robotic Vacuum,Smart Home,9,293.48,Email Campaign,5
ORD-1132,2023-08-30,Zeta Services,PA,Portable Power Bank,Accessories,9,208.92,Google Ads,5
ORD-1133,2024-03-04,Zeta Services,PA,Smartwatch,Wearables,6,238.26,Referral,3
ORD-1134,2024-03-29,Beta Industries,FL,Noise-Cancelling Earbuds,Accessories,7,387.95,Social Media,4
ORD-1135,2023-10-25,Beta Industries,NY,Smart Thermostat,Smart Home,6,194.79,Organic Search,5
ORD-1136,2024-10-27,Zeta Services,FL,Portable Power Bank,Accessories,6,456.93,Social Media,5
ORD-1137,2023-03-08,Zeta Services,PA,Robotic Vacuum,Smart Home,5,246.43,Email Campaign,4
ORD-1138,2024-10-22,Omega Holdings,GA,Wireless Charger,Accessories,7,78.76,Social Media,5
ORD-1139,2024-10-26,Iota Innovations,TX,Portable Power Bank,Accessories,5,69.52,Social Media,5
ORD-1140,2024-05-26,Iota Innovations,NY,Fitness Tracker,Wearables,7,45.47,Google Ads,5
ORD-1141,2024-06-15,Epsilon Global,CA,Noise-Cancelling Earbuds,Accessories,2,200.57,Social Media,4
ORD-1142,2023-09-07,Gamma Solutions,CA,Noise-Cancelling Earbuds,Accessories,2,232.51,Email Campaign,4
ORD-1143,2023-02-19,Kappa Logistics,OH,Smart Thermostat,Smart Home,1,72.01,Referral,5
ORD-1144,2024-01-31,Alpha Corp,CA,AI Voice Assistant,Smart Home,5,50.6,Referral,3
ORD-1145,2023-11-29,Epsilon Global,NY,Fitness Tracker,Wearables,1,238.0,Referral,5
ORD-1146,2024-10-18,Iota Innovations,GA,Portable Power Bank,Accessories,6,377.89,Referral,5
ORD-1147,2024-08-18,Zeta Services,CA,Noise-Cancelling Earbuds,Accessories,3,384.12,Referral,4
ORD-1148,2023-04-20,Epsilon Global,GA,AR Glasses,Wearables,5,283.36,Email Campaign,5
ORD-1149,2024-08-17,Delta Tech,OH,Noise-Cancelling Earbuds,Accessories,1,55.69,Referral,5
ORD-1150,2024-06-02,Alpha Corp,CA,Fitness Tracker,Wearables,3,283.35,Referral,5
ORD-1151,2023-11-01,Kappa Logistics,TX,Portable Power Bank,Accessories,1,129.23,Google Ads,4
ORD-1152,2023-12-03,Delta Tech,PA,Robotic Vacuum,Smart Home,3,333.95,Email Campaign,4
ORD-1153,2024-10-04,Theta Digital,FL,AI Voice Assistant,Smart Home,2,346.67,Google Ads,3
ORD-1154,2024-02-17,Gamma Solutions,TX,Fitness Tracker,Wearables,6,92.34,Organic Search,5
ORD-1155,2024-09-11,Gamma Solutions,TX,Smart Thermostat,Smart Home,8,490.88,Email Campaign,4
ORD-1156,2023-04-05,Beta Industries,IL,Wireless Charger,Accessories,7,333.62,Google Ads,5
ORD-1157,2023-06-01,Epsilon Global,FL,Noise-Cancelling Earbuds,Accessories,8,353.64,Organic Search,3
ORD-1158,2024-05-03,Beta Industries,FL,Portable Power Bank,Accessories,1,280.56,Organic Search,5
ORD-1159,2024-05-05,Alpha Corp,IL,Noise-Cancelling Earbuds,Accessories,4,231.73,Social Media,3
ORD-1160,2024-02-12,Alpha Corp,OH,AI Voice Assistant,Smart Home,8,329.76,Organic Search,4
ORD-1161,2023-03-01,Beta Industries,NY,AI Voice Assistant,Smart Home,1,463.55,Social Media,3
ORD-1162,2023-06-21,Epsilon Global,OH,Noise-Cancelling Earbuds,Accessories,4,409.96,Email Campaign,3
ORD-1163,2024-05-07,Zeta Services,FL,Wireless Charger,Accessories,4,131.09,Referral,3
ORD-1164,2024-02-28,Theta Digital,GA,Robotic Vacuum,Smart Home,4,279.65,Social Media,5
ORD-1165,2023-05-23,Omega Holdings,TX,Noise-Cancelling Earbuds,Accessories,9,469.58,Social Media,5
ORD-1166,2024-08-04,Delta Tech,FL,Wireless Charger,Accessories,1,268.85,Social Media,4
ORD-1167,2023-06-23,Epsilon Global,CA,Smartwatch,Wearables,7,356.45,Referral,5
ORD-1168,2024-02-25,Theta Digital,IL,Noise-Cancelling Earbuds,Accessories,9,465.5,Referral,5
ORD-1169,2024-12-28,Kappa Logistics,TX,AI Voice Assistant,Smart Home,4,206.5,Google Ads,4
ORD-1170,2024-10-02,Theta Digital,TX,AR Glasses,Wearables,1,151.1,Organic Search,3
ORD-1171,2024-07-09,Alpha Corp,TX,Robotic Vacuum,Smart Home,8,315.54,Referral,3
ORD-1172,2024-12-05,Omega Holdings,PA,Fitness Tracker,Wearables,6,273.58,Organic Search,4
ORD-1173,2024-12-12,Alpha Corp,TX,Smart Thermostat,Smart Home,7,440.74,Organic Search,3
ORD-1174,2023-10-13,Iota Innovations,OH,Portable Power Bank,Accessories,2,40.8,Social Media,5
ORD-1175,2024-03-18,Kappa Logistics,OH,Noise-Cancelling Earbuds,Accessories,9,291.96,Social Media,4
ORD-1176,2024-05-05,Iota Innovations,FL,AI Voice Assistant,Smart Home,5,99.04,Google Ads,5
ORD-1177,2024-02-01,Delta Tech,GA,Fitness Tracker,Wearables,5,202.32,Referral,5
ORD-1178,2024-08-19,Gamma Solutions,PA,Smartwatch,Wearables,6,211.33,Google Ads,5
ORD-1179,2023-09-11,Zeta Services,IL,Smartwatch,Wearables,4,148.17,Referral,5
ORD-1180,2023-01-22,Delta Tech,CA,Smartwatch,Wearables,9,190.52,Organic Search,3
ORD-1181,2024-08-23,Theta Digital,NY,Portable Power Bank,Accessories,2,230.13,Email Campaign,5
ORD-1182,2024-09-24,Theta Digital,OH,Portable Power Bank,Accessories,3,151.09,Social Media,5
ORD-1183,2023-01-04,Theta Digital,PA,Portable Power Bank,Accessories,9,194.42,Email Campaign,5
ORD-1184,2023-03-10,Alpha Corp,IL,AR Glasses,Wearables,6,158.42,Email Campaign,4
ORD-1185,2023-12-28,Theta Digital,NY,Smart Thermostat,Smart Home,5,418.61,Email Campaign,3
ORD-1186,2024-11-08,Beta Industries,GA,Portable Power Bank,Accessories,1,276.04,Email Campaign,5
ORD-1187,2023-10-24,Iota Innovations,TX,Portable Power Bank,Accessories,3,230.46,Organic Search,3
ORD-1188,2023-05-16,Beta Industries,PA,Noise-Cancelling Earbuds,Accessories,5,361.48,Email Campaign,4
ORD-1189,2023-09-05,Beta Industries,OH,Fitness Tracker,Wearables,3,342.41,Email Campaign,3
ORD-1190,2024-09-11,Omega Holdings,PA,Fitness Tracker,Wearables,9,251.1,Organic Search,3
ORD-1191,2024-08-25,Beta Industries,NY,AR Glasses,Wearables,8,379.2,Referral,4
ORD-1192,2023-12-07,Gamma Solutions,FL,Wireless Charger,Accessories,1,424.17,Organic Search,3
ORD-1193,2024-07-04,Gamma Solutions,NY,Smart Thermostat,Smart Home,3,317.47,Organic Search,5
ORD-1194,2024-03-22,Beta Industries,CA,AI Voice Assistant,Smart Home,9,327.63,Referral,5
ORD-1195,2023-12-04,Beta Industries,PA,Robotic Vacuum,Smart Home,8,217.13,Referral,4
ORD-1196,2024-11-09,Kappa Logistics,PA,Smartwatch,Wearables,1,248.69,Social Media,5
ORD-1197,2023-01-14,Zeta Services,IL,AI Voice Assistant,Smart Home,3,161.34,Google Ads,4
ORD-1198,2024-11-09,Delta Tech,GA,Noise-Cancelling Earbuds,Accessories,3,446.11,Referral,3
ORD-1199,2024-01-12,Theta Digital,TX,Portable Power Bank,Accessories,4,301.44,Email Campaign,3
ORD-1200,2023-04-05,Beta Industries,TX,Smart Thermostat,Smart Home,4,366.51,Social Media,5
ORD-1201,2024-11-18,Iota Innovations,FL,Portable Power Bank,Accessories,8,55.4,Email Campaign,5
ORD-1202,2024-05-04,Omega Holdings,IL,Fitness Tracker,Wearables,1,46.7,Organic Search,5
ORD-1203,2023-05-16,Epsilon Global,OH,Fitness Tracker,Wearables,6,451.92,Organic Search,4
ORD-1204,2024-07-31,Iota Innovations,OH,Noise-Cancelling Earbuds,Accessories,6,266.62,Email Campaign,4
ORD-1205,2023-06-29,Zeta Services,GA,Fitness Tracker,Wearables,1,387.77,Google Ads,4
ORD-1206,2024-09-10,Omega Holdings,GA,AR Glasses,Wearables,3,201.54,Email Campaign,5
ORD-1207,2023-08-26,Omega Holdings,PA,AI Voice Assistant,Smart Home,3,343.56,Social Media,4
ORD-1208,2023-07-09,Kappa Logistics,IL,Noise-Cancelling Earbuds,Accessories,5,76.24,Google Ads,5
ORD-1209,2023-08-14,Delta Tech,FL,Robotic Vacuum,Smart Home,6,279.75,Referral,5
ORD-1210,2023-09-05,Zeta Services,FL,Noise-Cancelling Earbuds,Accessories,5,54.84,Email Campaign,4
ORD-1211,2024-03-13,Gamma Solutions,OH,Robotic Vacuum,Smart Home,4,80.7,Google Ads,5
ORD-1212,2024-08-18,Epsilon Global,FL,Robotic Vacuum,Smart Home,2,211.96,Referral,4
ORD-1213,2024-08-13,Kappa Logistics,NY,Smart Thermostat,Smart Home,4,313.88,Email Campaign,4
ORD-1214,2023-07-24,Zeta Services,PA,Fitness Tracker,Wearables,9,129.02,Social Media,3
ORD-1215,2024-09-06,Iota Innovations,TX,Smartwatch,Wearables,1,154.35,Google Ads,4
ORD-1216,2023-03-14,Beta Industries,FL,AI Voice Assistant,Smart Home,9,368.44,Email Campaign,5
ORD-1217,2024-08-01,Iota Innovations,TX,AI Voice Assistant,Smart Home,2,420.33,Referral,3
ORD-1218,2024-08-15,Epsilon Global,NY,Portable Power Bank,Accessories,9,120.54,Referral,3
ORD-1219,2024-12-08,Epsilon Global,TX,Noise-Cancelling Earbuds,Accessories,2,83.68,Social Media,4
ORD-1220,2023-02-10,Kappa Logistics,GA,Robotic Vacuum,Smart Home,4,321.77,Google Ads,3
ORD-1221,2023-08-20,Beta Industries,TX,Fitness Tracker,Wearables,8,110.55,Social Media,5
ORD-1222,2024-01-23,Delta Tech,PA,Robotic Vacuum,Smart Home,8,474.99,Organic Search,4
ORD-1223,2024-01-09,Gamma Solutions,TX,AR Glasses,Wearables,3,439.67,Email Campaign,3
ORD-1224,2023-08-31,Omega Holdings,GA,Fitness Tracker,Wearables,7,37.64,Referral,5
ORD-1225,2024-11-08,Omega Holdings,GA,Fitness Tracker,Wearables,2,280.65,Google Ads,5
ORD-1226,2024-07-05,Beta Industries,PA,Smart Thermostat,Smart Home,6,226.28,Organic Search,5
ORD-1227,2024-04-27,Beta Industries,CA,Noise-Cancelling Earbuds,Accessories,3,49.57,Email Campaign,3
ORD-1228,2024-10-17,Epsilon Global,PA,AI Voice Assistant,Smart Home,7,34.04,Email Campaign,5
ORD-1229,2023-05-13,Alpha Corp,IL,AR Glasses,Wearables,7,128.46,Social Media,3
ORD-1230,2024-01-18,Alpha Corp,NY,Wireless Charger,Accessories,3,71.01,Social Media,4
ORD-1231,2024-08-29,Iota Innovations,GA,Robotic Vacuum,Smart Home,8,244.18,Organic Search,4
ORD-1232,2023-09-16,Gamma Solutions,GA,Portable Power Bank,Accessories,9,458.13,Google Ads,4
ORD-1233,2024-04-08,Omega Holdings,NY,Portable Power Bank,Accessories,4,381.64,Email Campaign,3
ORD-1234,2023-10-09,Delta Tech,NY,Wireless Charger,Accessories,2,424.87,Email Campaign,3
ORD-1235,2024-10-19,Gamma Solutions,FL,Fitness Tracker,Wearables,2,328.51,Referral,3
ORD-1236,2023-08-13,Beta Industries,NY,Wireless Charger,Accessories,8,78.95,Social Media,4
ORD-1237,2023-12-14,Kappa Logistics,FL,Robotic Vacuum,Smart Home,3,100.79,Organic Search,3
ORD-1238,2024-05-20,Gamma Solutions,IL,Robotic Vacuum,Smart Home,2,305.78,Google Ads,5
ORD-1239,2023-06-23,Beta Industries,GA,Fitness Tracker,Wearables,3,306.27,Referral,3
ORD-1240,2023-10-15,Zeta Services,TX,Smart Thermostat,Smart Home,3,37.31,Email Campaign,3
ORD-1241,2023-11-15,Omega Holdings,CA,Smart Thermostat,Smart Home,3,219.32,Referral,5
ORD-1242,2024-12-12,Theta Digital,NY,Robotic Vacuum,Smart Home,4,74.42,Social Media,3
ORD-1243,2023-06-26,Iota Innovations,FL,Wireless Charger,Accessories,8,191.33,Email Campaign,4
ORD-1244,2023-12-21,Beta Industries,OH,Noise-Cancelling Earbuds,Accessories,1,202.9,Referral,3
ORD-1245,2023-10-26,Omega Holdings,OH,Smart Thermostat,Smart Home,5,246.41,Social Media,4
ORD-1246,2023-07-18,Theta Digital,FL,AR Glasses,Wearables,6,57.73,Google Ads,3
ORD-1247,2024-07-14,Zeta Services,CA,Noise-Cancelling Earbuds,Accessories,8,135.24,Google Ads,3
ORD-1248,2023-11-25,Theta Digital,OH,Portable Power Bank,Accessories,2,355.04,Google Ads,4
ORD-1249,2024-10-19,Theta Digital,CA,Smartwatch,Wearables,4,426.58,Google Ads,4
ORD-1250,2023-08-11,Kappa Logistics,OH,Robotic Vacuum,Smart Home,3,260.78,Organic Search,4
ORD-1251,2024-12-30,Iota Innovations,OH,Fitness Tracker,Wearables,6,410.19,Google Ads,5
ORD-1252,2024-09-29,Alpha Corp,TX,Wireless Charger,Accessories,7,328.13,Social Media,5
ORD-1253,2024-06-12,Delta Tech,FL,AR Glasses,Wearables,3,114.9,Organic Search,4
ORD-1254,2023-08-06,Alpha Corp,FL,Wireless Charger,Accessories,7,168.64,Referral,4
ORD-1255,2023-02-11,Omega Holdings,NY,Fitness Tracker,Wearables,5,357.18,Google Ads,4
ORD-1256,2023-03-16,Kappa Logistics,FL,Fitness Tracker,Wearables,9,464.64,Referral,4
ORD-1257,2023-04-20,Iota Innovations,IL,Robotic Vacuum,Smart Home,5,407.58,Google Ads,4
ORD-1258,2024-07-13,Kappa Logistics,IL,AI Voice Assistant,Smart Home,5,414.31,Email Campaign,5
ORD-1259,2023-11-17,Theta Digital,IL,Robotic Vacuum,Smart Home,2,336.43,Referral,3
ORD-1260,2023-10-19,Gamma Solutions,GA,Robotic Vacuum,Smart Home,6,117.98,Email Campaign,3
ORD-1261,2023-05-10,Iota Innovations,OH,Noise-Cancelling Earbuds,Accessories,3,169.53,Organic Search,3
ORD-1262,2023-08-10,Beta Industries,FL,Wireless Charger,Accessories,4,426.75,Email Campaign,4
ORD-1263,2024-11-15,Kappa Logistics,GA,Smartwatch,Wearables,1,493.34,Organic Search,5
ORD-1264,2023-07-15,Omega Holdings,TX,Noise-Cancelling Earbuds,Accessories,8,326.32,Social Media,3
ORD-1265,2024-06-26,Epsilon Global,CA,Robotic Vacuum,Smart Home,6,401.99,Email Campaign,3
ORD-1266,2023-10-15,Delta Tech,NY,AI Voice Assistant,Smart Home,6,65.66,Google Ads,5
ORD-1267,2024-05-22,Kappa Logistics,FL,Noise-Cancelling Earbuds,Accessories,2,125.24,Referral,3
ORD-1268,2024-10-08,Omega Holdings,IL,Noise-Cancelling Earbuds,Accessories,5,378.15,Organic Search,3
ORD-1269,2024-01-03,Theta Digital,NY,AR Glasses,Wearables,5,431.87,Social Media,4
ORD-1270,2024-01-02,Alpha Corp,TX,Portable Power Bank,Accessories,8,355.59,Email Campaign,3
ORD-1271,2024-10-31,Kappa Logistics,CA,Wireless Charger,Accessories,5,165.25,Referral,4
ORD-1272,2024-12-06,Theta Digital,TX,Robotic Vacuum,Smart Home,4,447.71,Social Media,5
ORD-1273,2024-08-21,Iota Innovations,PA,AI Voice Assistant,Smart Home,2,329.68,Google Ads,3
ORD-1274,2024-05-13,Omega Holdings,FL,AR Glasses,Wearables,4,259.48,Organic Search,5
ORD-1275,2024-08-31,Theta Digital,NY,Portable Power Bank,Accessories,7,416.56,Email Campaign,4
ORD-1276,2023-02-12,Kappa Logistics,GA,Fitness Tracker,Wearables,3,165.62,Organic Search,3
ORD-1277,2023-10-12,Delta Tech,IL,Smartwatch,Wearables,4,475.05,Social Media,3
ORD-1278,2024-07-05,Delta Tech,PA,Portable Power Bank,Accessories,4,262.92,Referral,5
ORD-1279,2023-02-10,Beta Industries,GA,Robotic Vacuum,Smart Home,3,80.72,Email Campaign,4
ORD-1280,2023-10-13,Epsilon Global,NY,Portable Power Bank,Accessories,1,116.42,Social Media,3
ORD-1281,2023-06-08,Iota Innovations,IL,Smartwatch,Wearables,2,197.83,Social Media,5
ORD-1282,2024-08-14,Beta Industries,FL,Portable Power Bank,Accessories,7,381.63,Referral,3
ORD-1283,2023-12-22,Alpha Corp,GA,Smartwatch,Wearables,3,83.24,Referral,4
ORD-1284,2024-09-15,Zeta Services,NY,Portable Power Bank,Accessories,2,316.93,Email Campaign,3
ORD-1285,2024-01-23,Delta Tech,OH,Fitness Tracker,Wearables,8,311.05,Referral,3
ORD-1286,2024-05-31,Zeta Services,OH,AI Voice Assistant,Smart Home,2,200.87,Organic Search,5
ORD-1287,2023-07-09,Alpha Corp,PA,Portable Power Bank,Accessories,1,482.09,Organic Search,5
ORD-1288,2023-06-13,Epsilon Global,IL,AI Voice Assistant,Smart Home,6,183.45,Referral,3
ORD-1289,2024-01-17,Alpha Corp,OH,Smart Thermostat,Smart Home,9,483.97,Referral,5
ORD-1290,2023-02-16,Zeta Services,GA,Fitness Tracker,Wearables,7,228.37,Google Ads,5
ORD-1291,2023-01-30,Gamma Solutions,GA,Robotic Vacuum,Smart Home,5,406.91,Email Campaign,4
ORD-1292,2023-05-18,Kappa Logistics,TX,AI Voice Assistant,Smart Home,5,353.99,Referral,5
ORD-1293,2024-05-31,Delta Tech,GA,Smartwatch,Wearables,2,395.03,Referral,4
ORD-1294,2023-03-15,Zeta Services,GA,Robotic Vacuum,Smart Home,1,335.92,Google Ads,3
ORD-1295,2023-12-14,Beta Industries,FL,AI Voice Assistant,Smart Home,5,177.1,Referral,4
ORD-1296,2023-09-27,Epsilon Global,FL,Smartwatch,Wearables,5,255.88,Referral,4
ORD-1297,2023-03-07,Iota Innovations,PA,Portable Power Bank,Accessories,8,145.79,Email Campaign,3
ORD-1298,2024-05-15,Alpha Corp,CA,AR Glasses,Wearables,1,205.08,Social Media,3
ORD-1299,2024-06-05,Beta Industries,NY,Fitness Tracker,Wearables,7,449.76,Google Ads,5
ORD-1300,2024-06-20,Kappa Logistics,NY,Portable Power Bank,Accessories,2,286.28,Email Campaign,5
ORD-1301,2024-10-22,Theta Digital,CA,Noise-Cancelling Earbuds,Accessories,3,179.92,Google Ads,4
ORD-1302,2024-05-25,Iota Innovations,TX,AR Glasses,Wearables,9,342.35,Referral,4
ORD-1303,2023-08-15,Delta Tech,FL,Noise-Cancelling Earbuds,Accessories,3,82.32,Organic Search,5
ORD-1304,2024-10-26,Delta Tech,NY,Smartwatch,Wearables,7,404.51,Organic Search,3
ORD-1305,2024-10-02,Kappa Logistics,OH,Noise-Cancelling Earbuds,Accessories,3,80.01,Email Campaign,3
ORD-1306,2024-04-29,Gamma Solutions,CA,Robotic Vacuum,Smart Home,5,425.12,Email Campaign,3
ORD-1307,2023-05-07,Theta Digital,NY,Smart Thermostat,Smart Home,1,135.82,Organic Search,3
ORD-1308,2024-11-15,Gamma Solutions,OH,Fitness Tracker,Wearables,7,455.83,Organic Search,4
ORD-1309,2023-09-10,Epsilon Global,GA,AR Glasses,Wearables,9,341.47,Google Ads,5
ORD-1310,2023-04-09,Gamma Solutions,OH,Noise-Cancelling Earbuds,Accessories,2,288.16,Email Campaign,5
ORD-1311,2024-10-01,Epsilon Global,NY,Smartwatch,Wearables,1,166.21,Referral,4
ORD-1312,2024-05-14,Delta Tech,TX,Fitness Tracker,Wearables,2,330.38,Email Campaign,3
ORD-1313,2024-12-17,Theta Digital,FL,Fitness Tracker,Wearables,1,394.19,Referral,5
ORD-1314,2024-11-15,Gamma Solutions,GA,Noise-Cancelling Earbuds,Accessories,5,302.21,Social Media,3
ORD-1315,2024-08-25,Kappa Logistics,PA,Fitness Tracker,Wearables,8,400.86,Google Ads,4
ORD-1316,2023-10-12,Iota Innovations,GA,Portable Power Bank,Accessories,2,351.65,Social Media,5
ORD-1317,2024-07-06,Epsilon Global,FL,Wireless Charger,Accessories,8,66.86,Organic Search,4
ORD-1318,2024-07-14,Beta Industries,TX,Fitness Tracker,Wearables,3,215.03,Organic Search,5
ORD-1319,2024-11-06,Kappa Logistics,PA,Robotic Vacuum,Smart Home,6,157.54,Organic Search,5
ORD-1320,2024-12-03,Delta Tech,GA,AR Glasses,Wearables,6,437.07,Organic Search,4
ORD-1321,2023-01-07,Epsilon Global,NY,Wireless Charger,Accessories,4,462.55,Google Ads,4
ORD-1322,2023-03-27,Alpha Corp,FL,Smartwatch,Wearables,2,473.71,Email Campaign,4
ORD-1323,2024-11-16,Beta Industries,TX,Noise-Cancelling Earbuds,Accessories,1,308.95,Google Ads,4
ORD-1324,2024-11-02,Theta Digital,NY,Robotic Vacuum,Smart Home,4,413.27,Referral,5
ORD-1325,2023-09-06,Iota Innovations,PA,Fitness Tracker,Wearables,9,259.46,Google Ads,4
ORD-1326,2023-05-04,Epsilon Global,NY,Fitness Tracker,Wearables,4,87.29,Email Campaign,4
ORD-1327,2024-09-01,Kappa Logistics,TX,AI Voice Assistant,Smart Home,9,317.98,Email Campaign,3
ORD-1328,2023-08-05,Kappa Logistics,CA,AI Voice Assistant,Smart Home,9,56.78,Email Campaign,3
ORD-1329,2023-12-23,Alpha Corp,GA,Robotic Vacuum,Smart Home,9,33.05,Google Ads,3
ORD-1330,2023-05-05,Omega Holdings,GA,AR Glasses,Wearables,2,460.99,Referral,4
ORD-1331,2024-11-04,Theta Digital,OH,AR Glasses,Wearables,5,159.34,Social Media,4
ORD-1332,2023-07-29,Kappa Logistics,FL,Smartwatch,Wearables,4,459.27,Google Ads,3
ORD-1333,2023-11-14,Iota Innovations,IL,Smart Thermostat,Smart Home,5,50.66,Organic Search,3
ORD-1334,2024-11-06,Zeta Services,GA,Robotic Vacuum,Smart Home,9,113.08,Email Campaign,3
ORD-1335,2024-02-05,Epsilon Global,NY,Portable Power Bank,Accessories,5,108.26,Google Ads,3
ORD-1336,2023-04-05,Gamma Solutions,FL,Fitness Tracker,Wearables,5,114.89,Referral,3
ORD-1337,2023-03-24,Kappa Logistics,CA,Noise-Cancelling Earbuds,Accessories,7,476.28,Organic Search,4
ORD-1338,2024-03-26,Epsilon Global,TX,Noise-Cancelling Earbuds,Accessories,2,398.36,Social Media,5
ORD-1339,2023-05-03,Beta Industries,GA,Wireless Charger,Accessories,9,41.78,Organic Search,5
ORD-1340,2024-11-29,Epsilon Global,IL,Smart Thermostat,Smart Home,9,160.6,Referral,3
ORD-1341,2023-06-12,Zeta Services,IL,Fitness Tracker,Wearables,2,126.56,Social Media,3
ORD-1342,2024-03-27,Theta Digital,CA,AI Voice Assistant,Smart Home,2,405.61,Organic Search,4
ORD-1343,2023-09-23,Iota Innovations,FL,Portable Power Bank,Accessories,9,496.53,Referral,3
ORD-1344,2024-09-17,Beta Industries,CA,AR Glasses,Wearables,1,375.51,Google Ads,4
ORD-1345,2024-10-18,Kappa Logistics,OH,Smart Thermostat,Smart Home,8,110.86,Referral,5
ORD-1346,2023-09-14,Iota Innovations,GA,Fitness Tracker,Wearables,6,250.17,Google Ads,3
ORD-1347,2024-09-07,Epsilon Global,OH,AI Voice Assistant,Smart Home,2,294.42,Social Media,5
ORD-1348,2023-11-09,Zeta Services,GA,Portable Power Bank,Accessories,3,336.18,Google Ads,4
ORD-1349,2024-02-22,Delta Tech,GA,Portable Power Bank,Accessories,1,373.05,Referral,5
ORD-1350,2024-04-12,Alpha Corp,CA,Wireless Charger,Accessories,2,132.18,Google Ads,4
ORD-1351,2024-12-09,Beta Industries,CA,Smart Thermostat,Smart Home,6,399.31,Referral,5
ORD-1352,2024-02-12,Gamma Solutions,FL,Wireless Charger,Accessories,6,334.56,Email Campaign,5
ORD-1353,2023-05-07,Epsilon Global,FL,AI Voice Assistant,Smart Home,5,397.39,Organic Search,3
ORD-1354,2024-02-12,Omega Holdings,NY,Wireless Charger,Accessories,3,164.31,Organic Search,4
ORD-1355,2023-10-18,Theta Digital,FL,Fitness Tracker,Wearables,2,64.45,Referral,3
ORD-1356,2023-03-11,Epsilon Global,NY,Smartwatch,Wearables,1,401.96,Referral,4
ORD-1357,2023-08-28,Zeta Services,NY,Fitness Tracker,Wearables,6,214.46,Social Media,5
ORD-1358,2024-12-27,Alpha Corp,FL,Fitness Tracker,Wearables,3,271.09,Social Media,4
ORD-1359,2024-04-02,Kappa Logistics,OH,Wireless Charger,Accessories,8,343.14,Referral,5
ORD-1360,2024-11-06,Alpha Corp,GA,Robotic Vacuum,Smart Home,5,340.29,Social Media,4
ORD-1361,2024-03-18,Zeta Services,OH,Noise-Cancelling Earbuds,Accessories,5,214.85,Google Ads,3
ORD-1362,2023-10-15,Theta Digital,NY,Robotic Vacuum,Smart Home,3,401.79,Google Ads,5
ORD-1363,2023-12-18,Iota Innovations,FL,Robotic Vacuum,Smart Home,6,191.01,Social Media,4
ORD-1364,2024-04-13,Gamma Solutions,NY,AI Voice Assistant,Smart Home,5,478.73,Social Media,4
ORD-1365,2023-08-22,Iota Innovations,GA,Fitness Tracker,Wearables,5,100.39,Email Campaign,4
ORD-1366,2023-07-30,Gamma Solutions,CA,AR Glasses,Wearables,5,144.5,Email Campaign,4
ORD-1367,2023-12-26,Gamma Solutions,IL,Fitness Tracker,Wearables,8,92.53,Google Ads,5
ORD-1368,2023-03-14,Zeta Services,TX,AI Voice Assistant,Smart Home,6,65.49,Social Media,5
ORD-1369,2023-07-12,Iota Innovations,CA,Wireless Charger,Accessories,9,318.36,Social Media,3
ORD-1370,2024-02-01,Zeta Services,IL,AR Glasses,Wearables,7,134.02,Organic Search,4
ORD-1371,2024-04-18,Alpha Corp,OH,Portable Power Bank,Accessories,6,147.42,Social Media,3
ORD-1372,2024-06-07,Zeta Services,IL,AI Voice Assistant,Smart Home,9,308.52,Organic Search,5
ORD-1373,2024-10-28,Epsilon Global,NY,Smartwatch,Wearables,2,143.69,Email Campaign,4
ORD-1374,2024-04-13,Alpha Corp,TX,Wireless Charger,Accessories,2,341.01,Referral,3
ORD-1375,2023-02-16,Beta Industries,PA,AI Voice Assistant,Smart Home,7,107.27,Email Campaign,5
ORD-1376,2023-02-22,Gamma Solutions,PA,Wireless Charger,Accessories,2,488.31,Referral,4
ORD-1377,2023-04-14,Beta Industries,NY,Fitness Tracker,Wearables,3,289.39,Referral,5
ORD-1378,2024-09-26,Iota Innovations,OH,Noise-Cancelling Earbuds,Accessories,7,226.66,Email Campaign,4
ORD-1379,2023-07-19,Gamma Solutions,OH,Robotic Vacuum,Smart Home,4,319.86,Organic Search,4
ORD-1380,2024-05-12,Zeta Services,NY,AR Glasses,Wearables,6,212.2,Referral,4
ORD-1381,2023-02-24,Kappa Logistics,OH,AR Glasses,Wearables,3,295.05,Google Ads,4
ORD-1382,2023-12-12,Delta Tech,FL,Smartwatch,Wearables,5,174.94,Social Media,5
ORD-1383,2023-12-15,Epsilon Global,PA,AI Voice Assistant,Smart Home,4,163.82,Social Media,3
ORD-1384,2023-10-23,Theta Digital,TX,Noise-Cancelling Earbuds,Accessories,6,386.47,Google Ads,4
ORD-1385,2024-08-01,Omega Holdings,PA,Smartwatch,Wearables,4,420.6,Email Campaign,3
ORD-1386,2024-12-12,Gamma Solutions,OH,Wireless Charger,Accessories,1,199.02,Google Ads,3
ORD-1387,2024-10-16,Beta Industries,IL,Portable Power Bank,Accessories,7,486.41,Referral,5
ORD-1388,2023-08-25,Gamma Solutions,PA,AI Voice Assistant,Smart Home,7,318.61,Referral,5
ORD-1389,2024-03-13,Alpha Corp,NY,AI Voice Assistant,Smart Home,4,282.93,Email Campaign,4
ORD-1390,2024-12-09,Theta Digital,GA,Robotic Vacuum,Smart Home,9,232.98,Google Ads,5
ORD-1391,2023-06-02,Iota Innovations,IL,Smartwatch,Wearables,9,309.19,Referral,5
ORD-1392,2023-12-04,Epsilon Global,CA,AR Glasses,Wearables,7,65.36,Social Media,5
ORD-1393,2023-10-04,Beta Industries,IL,Wireless Charger,Accessories,1,94.67,Email Campaign,5
ORD-1394,2024-06-11,Omega Holdings,IL,Fitness Tracker,Wearables,1,91.37,Organic Search,3
ORD-1395,2024-05-16,Epsilon Global,IL,Noise-Cancelling Earbuds,Accessories,8,126.63,Social Media,3
ORD-1396,2024-08-15,Beta Industries,CA,Noise-Cancelling Earbuds,Accessories,1,235.6,Google Ads,3
ORD-1397,2023-06-21,Beta Industries,GA,Smart Thermostat,Smart Home,5,298.14,Social Media,4
ORD-1398,2024-06-21,Delta Tech,PA,Smartwatch,Wearables,7,202.57,Email Campaign,3
ORD-1399,2024-08-09,Iota Innovations,FL,AI Voice Assistant,Smart Home,7,448.24,Referral,5
ORD-1400,2023-12-03,Delta Tech,NY,Smart Thermostat,Smart Home,9,186.73,Organic Search,3
ORD-1401,2023-03-17,Beta Industries,OH,Wireless Charger,Accessories,8,148.94,Organic Search,3
ORD-1402,2023-04-12,Alpha Corp,TX,Fitness Tracker,Wearables,5,76.33,Social Media,5
ORD-1403,2023-06-07,Omega Holdings,FL,Fitness Tracker,Wearables,9,50.1,Organic Search,4
ORD-1404,2023-10-01,Theta Digital,OH,Wireless Charger,Accessories,6,186.21,Google Ads,3
ORD-1405,2023-10-29,Iota Innovations,OH,Portable Power Bank,Accessories,9,138.77,Google Ads,3
ORD-1406,2023-10-06,Alpha Corp,FL,Fitness Tracker,Wearables,8,399.14,Email Campaign,4
ORD-1407,2023-07-31,Zeta Services,FL,Wireless Charger,Accessories,6,164.88,Social Media,4
ORD-1408,2024-02-06,Delta Tech,GA,AR Glasses,Wearables,7,210.04,Social Media,3
ORD-1409,2024-09-22,Alpha Corp,OH,Smartwatch,Wearables,1,373.73,Google Ads,3
ORD-1410,2024-05-02,Delta Tech,OH,Smart Thermostat,Smart Home,5,211.19,Google Ads,3
ORD-1411,2024-10-21,Zeta Services,IL,Robotic Vacuum,Smart Home,9,135.68,Referral,5
ORD-1412,2024-06-18,Gamma Solutions,CA,Fitness Tracker,Wearables,2,103.95,Social Media,4
ORD-1413,2024-05-27,Iota Innovations,FL,Smartwatch,Wearables,3,35.8,Email Campaign,3
ORD-1414,2023-09-10,Omega Holdings,GA,Robotic Vacuum,Smart Home,1,106.64,Social Media,4
ORD-1415,2024-02-26,Delta Tech,TX,Smartwatch,Wearables,1,117.94,Social Media,4
ORD-1416,2023-08-12,Zeta Services,GA,Noise-Cancelling Earbuds,Accessories,1,363.17,Organic Search,5
ORD-1417,2023-09-23,Omega Holdings,TX,AR Glasses,Wearables,6,53.21,Referral,4
ORD-1418,2023-01-30,Gamma Solutions,NY,Portable Power Bank,Accessories,3,63.93,Organic Search,5
ORD-1419,2024-11-02,Alpha Corp,OH,Robotic Vacuum,Smart Home,5,140.55,Referral,4
ORD-1420,2023-11-11,Alpha Corp,OH,AI Voice Assistant,Smart Home,4,446.06,Referral,4
ORD-1421,2023-01-29,Epsilon Global,OH,Wireless Charger,Accessories,8,313.44,Referral,5
ORD-1422,2024-11-28,Theta Digital,IL,Fitness Tracker,Wearables,3,364.39,Referral,4
ORD-1423,2023-10-16,Zeta Services,IL,Fitness Tracker,Wearables,9,162.54,Referral,5
ORD-1424,2024-08-18,Theta Digital,IL,AI Voice Assistant,Smart Home,4,247.71,Email Campaign,4
ORD-1425,2024-11-12,Epsilon Global,NY,Wireless Charger,Accessories,6,35.96,Referral,5
ORD-1426,2024-02-16,Gamma Solutions,CA,Smartwatch,Wearables,2,139.97,Referral,3
ORD-1427,2024-12-09,Zeta Services,IL,Smartwatch,Wearables,9,385.12,Referral,5
ORD-1428,2023-07-17,Beta Industries,FL,Robotic Vacuum,Smart Home,5,213.2,Google Ads,3
ORD-1429,2023-11-10,Theta Digital,IL,Smartwatch,Wearables,9,303.98,Google Ads,5
ORD-1430,2024-09-11,Beta Industries,IL,Portable Power Bank,Accessories,8,266.75,Email Campaign,3
ORD-1431,2024-05-13,Kappa Logistics,OH,Wireless Charger,Accessories,4,364.32,Social Media,5
ORD-1432,2024-09-29,Epsilon Global,GA,AR Glasses,Wearables,5,201.44,Email Campaign,4
ORD-1433,2023-09-26,Beta Industries,OH,Smartwatch,Wearables,3,227.68,Google Ads,3
ORD-1434,2023-11-15,Iota Innovations,NY,Smartwatch,Wearables,2,429.28,Email Campaign,4
ORD-1435,2024-06-13,Beta Industries,CA,Wireless Charger,Accessories,5,375.47,Google Ads,5
ORD-1436,2023-11-29,Theta Digital,OH,AI Voice Assistant,Smart Home,5,157.17,Social Media,5
ORD-1437,2024-04-24,Zeta Services,IL,AR Glasses,Wearables,1,382.84,Referral,3
ORD-1438,2023-05-31,Delta Tech,FL,Smart Thermostat,Smart Home,2,195.41,Social Media,3
ORD-1439,2024-07-16,Omega Holdings,PA,Smart Thermostat,Smart Home,4,319.2,Google Ads,3
ORD-1440,2024-07-20,Delta Tech,TX,AR Glasses,Wearables,7,478.76,Organic Search,3
ORD-1441,2024-04-06,Kappa Logistics,NY,Fitness Tracker,Wearables,4,146.87,Referral,5
ORD-1442,2023-11-30,Omega Holdings,CA,AI Voice Assistant,Smart Home,1,321.13,Social Media,5
ORD-1443,2023-05-23,Zeta Services,FL,Robotic Vacuum,Smart Home,3,273.5,Google Ads,4
ORD-1444,2023-07-05,Theta Digital,TX,Fitness Tracker,Wearables,6,372.93,Google Ads,3
ORD-1445,2024-12-10,Zeta Services,OH,Noise-Cancelling Earbuds,Accessories,7,40.09,Referral,5
ORD-1446,2023-06-24,Kappa Logistics,TX,Robotic Vacuum,Smart Home,4,274.62,Referral,5
ORD-1447,2023-09-02,Epsilon Global,TX,Noise-Cancelling Earbuds,Accessories,3,418.46,Referral,4
ORD-1448,2023-12-14,Epsilon Global,GA,Portable Power Bank,Accessories,5,188.29,Referral,3
ORD-1449,2023-09-18,Alpha Corp,IL,Fitness Tracker,Wearables,6,167.63,Social Media,5
ORD-1450,2023-12-18,Delta Tech,NY,Noise-Cancelling Earbuds,Accessories,3,452.74,Organic Search,5
ORD-1451,2023-01-12,Alpha Corp,IL,Robotic Vacuum,Smart Home,4,227.04,Referral,4
ORD-1452,2024-08-13,Alpha Corp,FL,Robotic Vacuum,Smart Home,9,256.74,Google Ads,3
ORD-1453,2024-03-12,Gamma Solutions,IL,Smart Thermostat,Smart Home,3,79.49,Organic Search,5
ORD-1454,2023-09-02,Epsilon Global,CA,Smartwatch,Wearables,7,85.29,Referral,5
ORD-1455,2024-01-02,Iota Innovations,IL,Smartwatch,Wearables,6,477.32,Organic Search,4
ORD-1456,2023-07-15,Epsilon Global,IL,AI Voice Assistant,Smart Home,8,401.13,Social Media,5
ORD-1457,2024-02-06,Epsilon Global,NY,Noise-Cancelling Earbuds,Accessories,5,324.83,Google Ads,5
ORD-1458,2024-06-08,Kappa Logistics,CA,Portable Power Bank,Accessories,3,101.45,Email Campaign,5
ORD-1459,2023-09-15,Beta Industries,OH,AI Voice Assistant,Smart Home,2,305.85,Google Ads,5
ORD-1460,2023-05-20,Gamma Solutions,TX,Robotic Vacuum,Smart Home,9,280.51,Organic Search,4
ORD-1461,2023-02-25,Beta Industries,PA,Smart Thermostat,Smart Home,4,452.19,Social Media,4
ORD-1462,2024-10-29,Iota Innovations,FL,Smartwatch,Wearables,2,490.86,Organic Search,3
ORD-1463,2024-11-26,Gamma Solutions,CA,Fitness Tracker,Wearables,5,156.42,Google Ads,3
ORD-1464,2024-10-26,Zeta Services,OH,Smartwatch,Wearables,3,347.79,Organic Search,3
ORD-1465,2023-12-02,Omega Holdings,NY,AI Voice Assistant,Smart Home,4,154.8,Organic Search,3
ORD-1466,2024-09-20,Zeta Services,NY,Smartwatch,Wearables,7,321.18,Social Media,5
ORD-1467,2023-12-18,Beta Industries,OH,Fitness Tracker,Wearables,9,428.22,Organic Search,5
ORD-1468,2023-04-10,Epsilon Global,OH,AI Voice Assistant,Smart Home,1,245.4,Referral,5
ORD-1469,2023-03-16,Omega Holdings,CA,Smartwatch,Wearables,7,499.06,Referral,4
ORD-1470,2023-03-16,Epsilon Global,GA,Robotic Vacuum,Smart Home,1,216.98,Referral,5
ORD-1471,2023-07-08,Omega Holdings,TX,AR Glasses,Wearables,1,183.93,Email Campaign,4
ORD-1472,2024-08-07,Theta Digital,GA,Smartwatch,Wearables,9,322.03,Referral,5
ORD-1473,2024-06-01,Kappa Logistics,FL,Smartwatch,Wearables,6,458.47,Google Ads,3
ORD-1474,2023-05-17,Kappa Logistics,CA,Smartwatch,Wearables,5,389.48,Email Campaign,4
ORD-1475,2023-12-13,Omega Holdings,PA,Smart Thermostat,Smart Home,7,153.23,Email Campaign,4
ORD-1476,2023-09-06,Omega Holdings,OH,Portable Power Bank,Accessories,9,119.78,Organic Search,5
ORD-1477,2023-09-08,Theta Digital,FL,AI Voice Assistant,Smart Home,5,454.71,Google Ads,5
ORD-1478,2024-08-22,Iota Innovations,CA,Robotic Vacuum,Smart Home,3,436.6,Referral,3
ORD-1479,2023-09-15,Epsilon Global,OH,Portable Power Bank,Accessories,7,334.14,Email Campaign,3
ORD-1480,2024-06-11,Epsilon Global,CA,Portable Power Bank,Accessories,9,400.05,Referral,3
ORD-1481,2023-01-21,Kappa Logistics,FL,Robotic Vacuum,Smart Home,3,381.31,Email Campaign,4
ORD-1482,2023-05-18,Omega Holdings,CA,Robotic Vacuum,Smart Home,4,361.49,Referral,5
ORD-1483,2023-09-17,Iota Innovations,NY,Fitness Tracker,Wearables,4,499.26,Social Media,3
ORD-1484,2024-05-14,Zeta Services,OH,Wireless Charger,Accessories,1,496.29,Email Campaign,5
ORD-1485,2023-12-05,Alpha Corp,IL,Robotic Vacuum,Smart Home,8,415.39,Email Campaign,4
ORD-1486,2024-12-18,Theta Digital,PA,Fitness Tracker,Wearables,7,42.62,Referral,4
ORD-1487,2023-04-28,Zeta Services,TX,Noise-Cancelling Earbuds,Accessories,9,279.57,Google Ads,4
ORD-1488,2023-11-04,Alpha Corp,NY,Wireless Charger,Accessories,4,396.13,Social Media,3
ORD-1489,2023-12-19,Beta Industries,IL,Robotic Vacuum,Smart Home,3,63.53,Organic Search,5
ORD-1490,2024-01-10,Omega Holdings,GA,Noise-Cancelling Earbuds,Accessories,3,356.86,Social Media,4
ORD-1491,2024-04-24,Omega Holdings,IL,AR Glasses,Wearables,9,213.31,Social Media,3
ORD-1492,2024-07-30,Beta Industries,CA,Smart Thermostat,Smart Home,2,436.2,Organic Search,3
ORD-1493,2023-04-05,Gamma Solutions,IL,Robotic Vacuum,Smart Home,4,245.77,Email Campaign,4
ORD-1494,2024-03-01,Alpha Corp,OH,Smart Thermostat,Smart Home,6,383.79,Organic Search,3
ORD-1495,2023-11-30,Theta Digital,TX,Smartwatch,Wearables,1,445.84,Google Ads,5
ORD-1496,2023-07-22,Alpha Corp,CA,Wireless Charger,Accessories,4,470.79,Referral,5
ORD-1497,2024-10-31,Beta Industries,NY,Robotic Vacuum,Smart Home,3,399.04,Email Campaign,5
ORD-1498,2024-10-22,Omega Holdings,TX,AI Voice Assistant,Smart Home,4,253.86,Social Media,3
ORD-1499,2024-06-02,Delta Tech,FL,Smartwatch,Wearables,3,437.7,Social Media,5
ORD-1500,2024-02-07,Alpha Corp,CA,Noise-Cancelling Earbuds,Accessories,5,130.6,Social Media,3
